bin_index,bin_value
9.5,0.0
10.0,0.08743697026142332
11.0,0.11282189711151397
12.0,0.008461642283363548
13.0,0.002820547427787848
14.0,0.0
15.0,0.0
16.0,0.0
