bin_index,bin_value
9.5,0.0
10.0,0.07328386620413072
11.0,0.11105905496914656
12.0,0.021154105708408866
13.0,0.006044030202402531
14.0,0.0
15.0,0.0
16.0,0.0
