num_samples,auc
10.0,0.8136244194756554
30.0,0.8136244194756554
50.0,0.8136244194756554
70.0,0.8136244194756554
90.0,0.8136244194756554
110.0,0.8136244194756554
130.0,0.8136244194756554
150.0,0.8136244194756554
170.0,0.8136244194756554
190.0,0.8136244194756554
210.0,0.8136244194756554
230.0,0.8136244194756554
250.0,0.8136244194756554
270.0,0.8136244194756554
290.0,0.8136244194756554
310.0,0.8136244194756554
330.0,0.8136244194756554
350.0,0.8136244194756554
370.0,0.8136244194756554
390.0,0.8136244194756554
410.0,0.8136244194756554
430.0,0.8136244194756554
450.0,0.8136244194756554
470.0,0.8136244194756554
490.0,0.8136244194756554
510.0,0.8136244194756554
530.0,0.8136244194756554
550.0,0.8136244194756554
570.0,0.8136244194756554
590.0,0.8136244194756554
610.0,0.8136244194756554
630.0,0.8136244194756554
650.0,0.8136244194756554
670.0,0.8136244194756554
690.0,0.8136244194756554
710.0,0.8136244194756554
730.0,0.8136244194756554
750.0,0.8136244194756554
770.0,0.8136244194756554
790.0,0.8136244194756554
810.0,0.8136244194756554
830.0,0.8136244194756554
850.0,0.8136244194756554
870.0,0.8136244194756554
890.0,0.8136244194756554
910.0,0.8136244194756554
930.0,0.8136244194756554
950.0,0.8136244194756554
970.0,0.8136244194756554
990.0,0.8136244194756554
1010.0,0.8136244194756554
1030.0,0.8136244194756554
1050.0,0.8136244194756554
1070.0,0.8136244194756554
1090.0,0.8136244194756554
1110.0,0.8136244194756554
1130.0,0.8136244194756554
1150.0,0.8136244194756554
1170.0,0.8136244194756554
1190.0,0.8136244194756554
1210.0,0.8136244194756554
1230.0,0.8136244194756554
1250.0,0.8136244194756554
1270.0,0.8136244194756554
1290.0,0.8136244194756554
1310.0,0.8136244194756554
