num_samples,auc
10.0,0.7945037037037037
30.0,0.7945037037037037
50.0,0.7945037037037037
70.0,0.7945037037037037
90.0,0.7945037037037037
110.0,0.7945037037037037
