num_samples,auc
10.0,0.9049671052631579
30.0,0.9049671052631579
50.0,0.9049671052631579
70.0,0.9049671052631579
90.0,0.9049671052631579
