bin_index,bin_value
22.0,0.04415094339622641
21.0,0.04273584905660377
20.0,0.037075471698113205
23.0,0.018962264150943396
19.0,0.007075471698113208
