bin_index,bin_value
20.0,0.0625
22.0,0.03317307692307692
23.0,0.03173076923076923
21.0,0.022596153846153846
