bin_index,bin_value
23.0,0.05462962962962963
22.0,0.049999999999999996
21.0,0.029629629629629627
19.0,0.01111111111111111
20.0,0.004629629629629629
