bin_index,bin_value
22.0,0.07383720930232558
23.0,0.03701550387596899
21.0,0.03430232558139534
20.0,0.004651162790697674
19.0,0.0001937984496124031
