bin_index,bin_value
21.0,0.06261467889908257
22.0,0.03922018348623853
20.0,0.029587155963302754
23.0,0.017889908256880735
19.0,0.0006880733944954129
