bin_index,bin_value
22.0,0.056906906906906904
21.0,0.05645645645645646
23.0,0.024024024024024024
20.0,0.012312312312312312
19.0,0.0003003003003003003
