bin_index,bin_value
20.0,0.08063909774436091
22.0,0.0287593984962406
23.0,0.02481203007518797
21.0,0.015789473684210523
