bin_index,bin_value
22.0,0.06457317073170732
23.0,0.03548780487804878
21.0,0.029085365853658535
19.0,0.01948170731707317
20.0,0.001371951219512195
