bin_index,bin_value
21.0,0.051879699248120296
23.0,0.039473684210526314
22.0,0.03270676691729323
20.0,0.025939849624060148
