bin_index,bin_value
22.0,0.07339285714285713
21.0,0.03482142857142857
19.0,0.021964285714285714
23.0,0.01982142857142857
