bin_index,bin_value
22.0,0.09387096774193548
23.0,0.029032258064516127
20.0,0.013548387096774193
21.0,0.011129032258064515
19.0,0.002419354838709677
