bin_index,bin_value
1,0.0
2,0.000650315867707172
3,0.0029264214046822753
4,0.022761055369751013
5,0.04292084726867334
6,0.02568747677443332
7,0.006503158677071718
