bin_index,bin_value
1,0.0
2,0.0
3,0.002871205906480723
4,0.01588733934919332
5,0.04613070823079024
6,0.03120043751709054
7,0.005359584358764012
