bin_index,bin_value
1,0.00013107141519679436
2,0.0
3,0.009306070478972403
4,0.02254428341384862
5,0.03997678163502227
6,0.027000711530539664
7,0.002490356888739092
