bin_index,bin_value
1,0.0
2,0.0
3,0.006888531043120417
4,0.02254428341384862
5,0.04759348720701376
6,0.023796743603506913
7,0.0006262300948291285
