bin_index,bin_value
1,0.0
2,0.0
3,0.001861454593804016
4,0.02792181890706022
5,0.04700172849355137
6,0.02466427336790323
7,0.0
