bin_index,bin_value
1,0.00010155082618850734
2,0.0008124066095080587
3,0.001827914871393133
4,0.02264583424003713
5,0.043159101130115604
6,0.02955129042085567
7,0.003351177264220741
