bin_index,bin_value
1,0.0
2,0.0
3,0.0011441647597254007
4,0.0205949656750572
5,0.0579710144927536
6,0.021739130434782632
7,0.0
