bin_index,bin_value
1,0.0
2,6.185931424531636e-05
3,0.0012371862849063276
4,0.01806291975963237
5,0.04181689642983384
6,0.03482679392011315
7,0.005443619653587839
