bin_index,bin_value
1,0.0
2,0.0
3,0.007627765064836005
4,0.0274599542334096
5,0.0427154843630816
6,0.02059496567505723
7,0.0030511060259344
