bin_index,bin_value
1,0.0003623188405797101
2,0.0
3,0.007971014492753625
4,0.03478260869565216
5,0.04311594202898549
6,0.014855072463768132
7,0.00036231884057971004
