bin_index,bin_value
1,0.0
2,0.00032725572697522203
3,0.0013090229079008888
4,0.0238896680691912
5,0.050397381954184174
6,0.02290790088826557
7,0.002618045815801776
