num_samples,auc
10,0.5860277777777778
30,0.6872574074074074
50,0.7341296296296296
70,0.7574462962962965
90,0.7714666666666667
110,0.7809222222222222
