num_samples,auc
10,0.6227598684210527
30,0.7816611842105262
50,0.8375394736842106
70,0.8579736842105264
90,0.8720328947368421
