num_samples,auc
10,0.796325925925926
30,0.7954296296296297
50,0.795162962962963
70,0.7951370370370371
90,0.7951333333333335
110,0.7952370370370371
