num_samples,auc
10,0.8950526315789473
30,0.9046578947368421
50,0.9051052631578947
70,0.9051118421052631
90,0.9052697368421052
