num_samples,auc
10.0,0.7841444444444444
30.0,0.7841444444444444
50.0,0.7841444444444444
70.0,0.7841444444444444
90.0,0.7841444444444444
110.0,0.7841444444444444
