num_samples,auc
10.0,0.9052697368421052
30.0,0.9052697368421052
50.0,0.9052697368421052
70.0,0.9052697368421052
90.0,0.9052697368421052
